{
  "model": "Cost Predictor",
  "mae": 26.389805825242725,
  "rmse": 35.51008038202482,
  "mape": 13.886264994334823,
  "r2": 0.875503710189169,
  "actuals": [
    101.68,
    117.01,
    120.39,
    138.1,
    125.96,
    314.98,
    332.93,
    365.16,
    232.23,
    224.86,
    218.7,
    155.81,
    132.73,
    144.07,
    130.14,
    122.18,
    147.85,
    402.41,
    300.3,
    367.27,
    199.99,
    238.2,
    198.4,
    211.93,
    125.96,
    152.23,
    102.68,
    99.3,
    135.71,
    155.81,
    407.42,
    353.0,
    329.07,
    207.55,
    173.32,
    229.04,
    148.25,
    90.14,
    84.57,
    145.46,
    165.16,
    124.57,
    416.69,
    305.33,
    287.76,
    228.45,
    219.49,
    231.03,
    147.45,
    100.38,
    134.45,
    107.16,
    118.25,
    432.51,
    427.3,
    307.26,
    208.15,
    261.68,
    196.81,
    129.54,
    131.93,
    134.52,
    162.18,
    142.68,
    162.58,
    366.31,
    290.47,
    385.81,
    170.74,
    249.94,
    203.37,
    96.31,
    126.36,
    101.88,
    160.99,
    142.68,
    119.99,
    429.62,
    371.53,
    385.61,
    241.58,
    230.04,
    223.47,
    124.57,
    120.99,
    135.71,
    167.95,
    108.65,
    99.69,
    430.58,
    410.7,
    403.76,
    232.23,
    218.89,
    181.68,
    120.59,
    140.29,
    158.6,
    149.84,
    177.3,
    108.45,
    110.04,
    339.87
  ],
  "predictions": [
    137.23,
    140.04,
    133.22,
    126.22,
    128.26,
    402.52,
    389.46,
    389.96,
    204.13,
    221.9,
    224.42,
    105.91,
    123.13,
    127.91,
    183.14,
    129.7,
    142.55,
    414.85,
    321.98,
    397.26,
    203.49,
    219.2,
    213.8,
    198.59,
    142.4,
    126.52,
    117.27,
    147.55,
    136.53,
    116.09,
    338.19,
    320.8,
    403.22,
    199.8,
    224.0,
    229.21,
    166.48,
    124.97,
    131.73,
    123.87,
    124.03,
    120.3,
    398.79,
    319.56,
    332.61,
    219.52,
    231.06,
    208.01,
    114.11,
    117.79,
    130.67,
    124.73,
    137.01,
    394.79,
    354.73,
    328.85,
    219.94,
    224.96,
    215.94,
    123.42,
    121.89,
    130.2,
    138.13,
    131.44,
    147.54,
    410.75,
    377.46,
    321.22,
    223.53,
    203.68,
    213.3,
    134.87,
    124.8,
    131.48,
    136.44,
    125.77,
    131.41,
    393.07,
    357.5,
    360.24,
    218.05,
    214.17,
    214.37,
    138.73,
    124.96,
    130.54,
    123.38,
    141.81,
    126.56,
    394.71,
    369.98,
    381.02,
    221.03,
    216.96,
    205.55,
    129.2,
    127.49,
    117.43,
    116.32,
    155.73,
    123.56,
    130.94,
    168.36
  ]
}