{
  "model": "Usage Predictor",
  "mae": 134.52462679668537,
  "rmse": 182.65494424345815,
  "mape": 14.174526123288251,
  "r2": 0.877736634261363,
  "actuals": [
    496.0,
    573.0,
    590.0,
    679.0,
    618.0,
    1601.0,
    1694.0,
    1861.0,
    1152.0,
    1115.0,
    1084.0,
    768.0,
    652.0,
    709.0,
    639.0,
    599.0,
    728.0,
    2054.0,
    1525.0,
    1872.0,
    990.0,
    1182.0,
    982.0,
    1050.0,
    618.0,
    750.0,
    501.0,
    484.0,
    667.0,
    768.0,
    2080.0,
    1798.0,
    1674.0,
    1028.0,
    856.0,
    1136.0,
    730.0,
    438.0,
    410.0,
    716.0,
    815.0,
    611.0,
    2128.0,
    1551.0,
    1460.0,
    1133.0,
    1088.0,
    1146.0,
    726.0,
    483.0,
    669.0,
    514.0,
    583.0,
    2210.0,
    2183.0,
    1561.0,
    1031.0,
    1300.0,
    974.0,
    636.0,
    648.0,
    661.0,
    800.0,
    702.0,
    802.0,
    1867.0,
    1474.0,
    1968.0,
    843.0,
    1241.0,
    1007.0,
    469.0,
    620.0,
    497.0,
    794.0,
    702.0,
    588.0,
    2195.0,
    1894.0,
    1967.0,
    1199.0,
    1141.0,
    1108.0,
    611.0,
    593.0,
    667.0,
    829.0,
    531.0,
    486.0,
    2200.0,
    2097.0,
    2061.0,
    1152.0,
    1085.0,
    898.0,
    591.0,
    690.0,
    782.0,
    738.0,
    876.0,
    530.0,
    538.0,
    1730.0
  ],
  "predictions": [
    674.3480834960938,
    688.5185546875,
    654.2227783203125,
    619.0526123046875,
    629.3325805664062,
    2006.99267578125,
    1941.3740234375,
    1943.8782958984375,
    1010.4332275390625,
    1099.673828125,
    1112.35302734375,
    517.0523681640625,
    603.5098876953125,
    627.552734375,
    904.96484375,
    636.5699462890625,
    701.1210327148438,
    2068.93115234375,
    1602.396484375,
    1980.5596923828125,
    1007.224853515625,
    1086.1500244140625,
    1058.9835205078125,
    982.6336059570312,
    700.3634033203125,
    620.5477905273438,
    574.1204223632812,
    726.2221069335938,
    670.8128051757812,
    568.1857299804688,
    1683.8428955078125,
    1596.4866943359375,
    2010.5125732421875,
    988.6885986328125,
    1110.2176513671875,
    1136.4171142578125,
    821.2901611328125,
    612.7841796875,
    646.7108764648438,
    607.247314453125,
    608.0689697265625,
    589.3695678710938,
    1988.2119140625,
    1590.2738037109375,
    1655.7938232421875,
    1087.76806640625,
    1145.7069091796875,
    1029.906005859375,
    558.2730102539062,
    576.7525634765625,
    641.415771484375,
    611.5801391601562,
    673.25634765625,
    1968.17236328125,
    1766.9058837890625,
    1636.9071044921875,
    1089.8607177734375,
    1115.07666015625,
    1069.753173828125,
    604.9973754882812,
    597.3032836914062,
    639.045166015625,
    678.8690185546875,
    645.2544555664062,
    726.1566162109375,
    2048.32177734375,
    1881.085693359375,
    1598.5828857421875,
    1107.8929443359375,
    1008.1651611328125,
    1056.4735107421875,
    662.479248046875,
    611.9141235351562,
    645.4618530273438,
    670.4195556640625,
    616.8361206054688,
    645.093017578125,
    1959.48828125,
    1780.879638671875,
    1794.5904541015625,
    1080.325927734375,
    1060.838134765625,
    1061.8446044921875,
    681.8971557617188,
    612.7315063476562,
    640.7801513671875,
    604.7965698242188,
    697.3895874023438,
    620.7398681640625,
    1967.7498779296875,
    1843.4915771484375,
    1899.0118408203125,
    1095.306396484375,
    1074.885986328125,
    1017.5468139648438,
    634.0618896484375,
    625.446533203125,
    574.9127197265625,
    569.3569946289062,
    767.2699584960938,
    605.69677734375,
    642.7951049804688,
    830.7506103515625
  ]
}